"market","waste_hhi","iscsa"
"Atlanta--Athens-Clarke County--Sandy Springs, GA-AL CSA",1610.27372526153,TRUE
"New York-Newark, NY-NJ-CT-PA CSA",423.95906819006,TRUE
"Washington-Baltimore-Arlington, DC-MD-VA-WV-PA CSA",708.169685073017,TRUE
"Philadelphia-Reading-Camden, PA-NJ-DE-MD CSA",1965.15563673551,TRUE
"Phoenix-Mesa, AZ CSA",3290.65391272156,TRUE
"Salt Lake City-Provo-Orem, UT CSA",925.982410468501,TRUE
"Macon-Bibb County--Warner Robins, GA CSA",5174.95077006731,TRUE
"Kern:CA",6775.10411988061,FALSE
"Fresno-Madera-Hanford, CA CSA",1839.3256742734,TRUE
"Monterey:CA",4924.54072231679,FALSE
"San Jose-San Francisco-Oakland, CA CSA",1739.98672566821,TRUE
"Greenville-Spartanburg-Anderson, SC CSA",2440.68929504602,TRUE
"Fayetteville-Sanford-Lumberton, NC CSA",2255.33540937285,TRUE
"Abbeville:SC",10000,FALSE
"Greensboro--Winston-Salem--High Point, NC CSA",1204.67238269249,TRUE
"Boston-Worcester-Providence, MA-RI-NH-CT CSA",654.065419522232,TRUE
"Cedar Rapids-Iowa City, IA CSA",3521.57499588592,TRUE
"Hampshire:MA",3179.74256147822,FALSE
"Lafayette-Opelousas-Morgan City, LA CSA",4405.93879732221,TRUE
"Accomack:VA",10000,FALSE
"Chesterfield:VA",7113.97119710875,FALSE
"Amador:CA",10000,FALSE
"Los Angeles-Long Beach, CA CSA",1134.4474361903,TRUE
"Boise City-Mountain Home-Ontario, ID-OR CSA",2813.26365793906,TRUE
"Guthrie:IA",10000,FALSE
"Adams:ID",10000,FALSE
"Adams:WI",10000,FALSE
"Fort Wayne-Huntington-Auburn, IN CSA",4479.90810963655,TRUE
"Moses Lake-Othello, WA CSA",9999.42296595547,TRUE
"Addison:VT",10000,FALSE
"Lewis:NY",7302.13243546577,FALSE
"Minnehaha:SD",7098.69038405128,FALSE
"Birmingham-Hoover-Talladega, AL CSA",2409.57596656921,TRUE
"Bloomington-Pontiac, IL CSA",8688.56887112265,TRUE
"Buffalo-Cheektowaga-Olean, NY CSA",2360.57925165961,TRUE
"Grand Rapids-Kentwood-Muskegon, MI CSA",2649.65073957467,TRUE
"Peoria:IL",8123.70379024364,FALSE
"San Antonio-New Braunfels-Pearsall, TX CSA",4793.89911355941,TRUE
"Charlotte-Concord, NC-SC CSA",1413.43771927723,TRUE
"Chicago-Naperville, IL-IN-WI CSA",2176.73365207097,TRUE
"Portland-Lewiston-South Portland, ME CSA",1024.45666077565,TRUE
"Clay:AL",NA,FALSE
"Allegany:MD",5727.98603054108,FALSE
"Appleton-Oshkosh-Neenah, WI CSA",3970.64070377797,TRUE
"Baldwin:GA",NA,FALSE
"Bedford:PA",10000,FALSE
"Ben Hill:GA",10000,FALSE
"Burlington-South Burlington-Barre, VT CSA",2686.85240600907,TRUE
"Caledonia:VT",2936.18502608426,FALSE
"Citrus:FL",10000,FALSE
"Clarion:PA",10000,FALSE
"Coles:IL",10000,FALSE
"Columbia-Moberly-Mexico, MO CSA",7145.97088206054,TRUE
"Columbia:GA",10000,FALSE
"Columbus-Auburn-Opelika, GA-AL CSA",2528.70891782119,TRUE
"Detroit-Warren-Ann Arbor, MI CSA",2119.70972241088,TRUE
"Door:WI",5070.66360213213,FALSE
"Dougherty:GA",7862.97743074535,FALSE
"Eau Claire-Menomonie, WI CSA",6797.27719335606,TRUE
"Elk:PA",10000,FALSE
"Fannin:GA",10000,FALSE
"Gilmer:GA",6766.14827233707,FALSE
"Green Bay-Shawano, WI CSA",1978.60645401767,TRUE
"Harrisburg-York-Lebanon, PA CSA",3354.91923960893,TRUE
"Harrison:MO",10000,FALSE
"Harrison:MS",10000,FALSE
"Johnson City-Kingsport-Bristol, TN-VA CSA",2302.12547071125,TRUE
"Johnstown-Somerset, PA CSA",5246.00885126569,TRUE
"Lehigh:PA",5118.34319526627,FALSE
"Lexington-Fayette--Richmond--Frankfort, KY CSA",3246.69228573777,TRUE
"Lowndes:GA",4929.93308925641,FALSE
"Macon:IL",10000,FALSE
"Macon:MO",10000,FALSE
"Madison-Janesville-Beloit, WI CSA",1900.07997774376,TRUE
"Marengo:AL",10000,FALSE
"Marion:FL",4771.96856322813,FALSE
"Milwaukee-Racine-Waukesha, WI CSA",3708.42387210533,TRUE
"Minneapolis-St. Paul, MN-WI CSA",2878.93469868996,TRUE
"Mobile-Daphne-Fairhope, AL CSA",2978.57086927549,TRUE
"Montgomery-Selma-Alexander City, AL CSA",4576.11273976175,TRUE
"North Port-Sarasota, FL CSA",2040.3390090247,TRUE
"Northampton:PA",3534.07843749595,FALSE
"Oneida:WI",5528.79648760331,FALSE
"Pike:IN",10000,FALSE
"Pinellas:FL",2851.73494588499,FALSE
"Pittsburgh-New Castle-Weirton, PA-OH-WV CSA",2437.88439893761,TRUE
"Putnam:GA",10000,FALSE
"Rockford-Freeport-Rochelle, IL CSA",5816.45165432756,TRUE
"Rowan:KY",9190.41878857211,FALSE
"Sheboygan:WI",10000,FALSE
"South Bend-Elkhart-Mishawaka, IN-MI CSA",2047.03471529837,TRUE
"Taylor:WI",10000,FALSE
"Union:GA",10000,FALSE
"Vanderburgh:IN",5482.01972317119,FALSE
"Warren:PA",6456.87910824822,FALSE
"Wausau-Stevens Point-Wisconsin Rapids, WI CSA",5077.50407503173,TRUE
"White:GA",NA,FALSE
"Gainesville-Lake City, FL CSA",2646.46115977074,TRUE
"Alamosa:CO",NA,FALSE
"Chowan:NC",10000,FALSE
"Virginia Beach-Norfolk, VA-NC CSA",2109.7031967261,TRUE
"Montmorency:MI",7215.94376926568,FALSE
"Albuquerque-Santa Fe-Las Vegas, NM CSA",1465.90823412895,TRUE
"Alcona:MI",NA,FALSE
"Alexander:NC",10000,FALSE
"Denver-Aurora, CO CSA",2963.93663103644,TRUE
"Allamakee:IA",10000,FALSE
"San Diego:CA",3622.42110745472,FALSE
"Allegany:NY",7226.08649231131,FALSE
"Rochester-Batavia-Seneca Falls, NY CSA",2600.05232575117,TRUE
"Alleghany:NC",10000,FALSE
"Covington City:VA",5105.79430530866,FALSE
"Allen:KS",10000,FALSE
"Lima-Van Wert-Celina, OH CSA",1956.376884037,TRUE
"Douglas:WI",6971.01538397881,FALSE
"Orlando-Lakeland-Deltona, FL CSA",1553.90041077856,TRUE
"Tulsa-Muskogee-Bartlesville, OK CSA",2911.80973208564,TRUE
"Benzie:MI",10000,FALSE
"Charlevoix:MI",2500,FALSE
"Grand Traverse:MI",7312,FALSE
"Kalkaska:MI",10000,FALSE
"Otsego:MI",10000,FALSE
"Amite:MS",10000,FALSE
"Pickens:AL",10000,FALSE
"Anderson:KS",10000,FALSE
"Anderson:TX",9661.4277193457,FALSE
"Coos:NH",6699.56112837961,FALSE
"Angelina:TX",10000,FALSE
"Hillsborough:FL",3644.45353444189,FALSE
"Belmont:OH",10000,FALSE
"Johnson:KY",10000,FALSE
"Appomattox:VA",10000,FALSE
"Richmond City:VA",2349.35910571409,FALSE
"Victoria-Port Lavaca, TX CSA",8888.03660076756,TRUE
"Raleigh-Durham-Cary, NC CSA",2221.59528549087,TRUE
"Trempealeau:WI",10000,FALSE
"Archuleta:CO",10000,FALSE
"Mohave:AZ",5651.61252662717,FALSE
"Albany:WY",6600,FALSE
"Amarillo-Pampa-Borger, TX CSA",3340.56338020341,TRUE
"Aroostook:ME",2591.31746572666,FALSE
"Ashe:NC",10000,FALSE
"Asheville-Marion-Brevard, NC CSA",2103.79970826325,TRUE
"Mansfield-Ashland-Bucyrus, OH CSA",8165.76541805532,TRUE
"Ashley:AR",10000,FALSE
"Asotin:WA",10000,FALSE
"Youngstown-Warren, OH-PA CSA",5802.11187219598,TRUE
"Kansas City-Overland Park-Kansas City, MO-KS CSA",3386.02242450083,TRUE
"Athens:OH",7382.56869390033,FALSE
"Atkinson:GA",10000,FALSE
"Brunswick:VA",9973.57414887759,FALSE
"Miami-Port St. Lucie-Fort Lauderdale, FL CSA",1814.31650845724,TRUE
"Madison:FL",10000,FALSE
"Audubon:IA",10000,FALSE
"Harrisonburg-Staunton, VA CSA",4833.4908134018,TRUE
"Avery:NC",10000,FALSE
"Elmira-Corning, NY CSA",6134.09125338152,TRUE
"Clay:KY",10000,FALSE
"Shawnee:KS",10000,FALSE
"Donley:TX",10000,FALSE
"Seattle-Tacoma, WA CSA",2105.31986944742,TRUE
"Baker:OR",7010.03031612461,FALSE
"Dallas-Fort Worth, TX-OK CSA",2029.27792927195,TRUE
"Little Rock-North Little Rock, AR CSA",3278.77388350619,TRUE
"Travis:TX",5482.95300379258,FALSE
"Bamberg:SC",10000,FALSE
"Bannock:ID",7616.3996332181,FALSE
"Barber:KS",10000,FALSE
"Custer:SD",5440.93647862697,FALSE
"Wilson:KS",10000,FALSE
"Barnwell:SC",10000,FALSE
"Indianapolis-Carmel-Muncie, IN CSA",2103.52523356265,TRUE
"Barton:KS",8402.54729342717,FALSE
"Kennewick-Richland-Walla Walla, WA CSA",3007.38243509226,TRUE
"Giles:TN",5012.19910615097,FALSE
"Bastrop:TX",9692.3828125,FALSE
"Bath:VA",10000,FALSE
"Oklahoma City-Shawnee, OK CSA",3085.77548188989,TRUE
"Cincinnati-Wilmington-Maysville, OH-KY-IN CSA",4505.92887569182,TRUE
"Bay:FL",10000,FALSE
"Saint Louis:MN",4955.87892934706,FALSE
"Bear Lake:ID",10000,FALSE
"Lynchburg City:VA",8812.6991854131,FALSE
"Beaver:UT",10000,FALSE
"Beaverhead:MT",10000,FALSE
"Becker:MN",8107.83599177915,FALSE
"Bedford City:VA",8979.91752263588,FALSE
"Rockcastle:KY",NA,FALSE
"Bell:KY",10000,FALSE
"Benewah:ID",10000,FALSE
"Spokane-Spokane Valley-Coeur d'Alene, WA-ID CSA",1707.23770403487,TRUE
"Salisbury-Cambridge, MD-DE CSA",2041.84180366874,TRUE
"Berkshire:MA",1332.80369650444,FALSE
"Berkeley:SC",10000,FALSE
"Broome:NY",6158.00531855991,FALSE
"Chenango:NY",4434.98760359884,FALSE
"Kalamazoo-Battle Creek-Portage, MI CSA",3009.48028239044,TRUE
"Lafayette-West Lafayette-Frankfort, IN CSA",5198.87627955997,TRUE
"Randolph:IN",10000,FALSE
"Richmond-Connersville, IN CSA",8382.29037775468,TRUE
"Van Buren:MI",5932.3347107438,FALSE
"Van Buren:TN",10000,FALSE
"St. Louis-St. Charles-Farmington, MO-IL CSA",3034.49915657474,TRUE
"Dubuque:IA",9407.82123715921,FALSE
"Montgomery:TN",10000,FALSE
"Oscoda:MI",5000,FALSE
"Big Horn:WY",9860.14679627058,FALSE
"Idaho Falls-Rexburg-Blackfoot, ID CSA",3507.87742180771,TRUE
"Campbell:WY",NA,FALSE
"Black Hawk:IA",4950.72489238353,FALSE
"Tuscaloosa:AL",7363.25600966866,FALSE
"Bladen:NC",10000,FALSE
"Saint Lawrence:NY",5277.27071426474,FALSE
"Bleckley:GA",10000,FALSE
"Blaine:OK",NA,FALSE
"Mankato-New Ulm, MN CSA",3557.31351174098,TRUE
"Apache:AZ",10000,FALSE
"Custer:ID",10000,FALSE
"Montgomery:VA",9555.6837395431,FALSE
"Grand:UT",3288.0039900543,FALSE
"Bonner:ID",10000,FALSE
"Charleston-Huntington-Ashland, WV-OH-KY CSA",4137.78748902918,TRUE
"Des Moines-Ames-West Des Moines, IA CSA",3657.75180140545,TRUE
"Lincoln:ME",2166.98447207686,FALSE
"York:PA",10000,FALSE
"Kodiak Island:AK",10000,FALSE
"Mifflin:PA",7874.49165509991,FALSE
"North Slope:AK",4117.19837531702,FALSE
"Washington:AR",6947.98484090264,FALSE
"Botetourt:VA",10000,FALSE
"Las Vegas-Henderson, NV CSA",7863.84971370291,TRUE
"Boundary:ID",10000,FALSE
"Bourbon:KS",10000,FALSE
"Toledo-Findlay-Tiffin, OH CSA",4376.78756059684,TRUE
"Albany-Schenectady, NY CSA",2645.51738355918,TRUE
"Brantley:GA",10000,FALSE
"Cleveland-Akron-Canton, OH CSA",1778.52933478434,TRUE
"Houston-The Woodlands, TX CSA",2378.0230646254,TRUE
"Bremer:IA",NA,FALSE
"Brevard:FL",9193.80486697459,FALSE
"Bristol Bay:AK",10000,FALSE
"Montrose:CO",5758.94314875841,FALSE
"Broadwater:MT",10000,FALSE
"Brown:KS",6456.44877281267,FALSE
"Brown:SD",9064.24801010622,FALSE
"Quincy-Hannibal, IL-MO CSA",8203.19440958402,TRUE
"Myrtle Beach-Conway, SC-NC CSA",5127.07357192698,TRUE
"Madison:NE",6535.73405426525,FALSE
"Buena Vista:IA",10000,FALSE
"Johnson:WY",10000,FALSE
"Paducah-Mayfield, KY-IL CSA",4812.30112655466,TRUE
"Burke:GA",10000,FALSE
"Burke:NC",10000,FALSE
"Redding-Red Bluff, CA CSA",4008.39875045959,TRUE
"Imperial:CA",5713.21182716396,FALSE
"Wichita-Winfield, KS CSA",1976.23068442492,TRUE
"Butler:IA",10000,FALSE
"Grimes:TX",10000,FALSE
"Harney:OR",5154.73297777034,FALSE
"Jackson:IA",10000,FALSE
"Lake:CA",5770.72489700344,FALSE
"Lassen:CA",5436.01639565785,FALSE
"Mendocino:CA",4474.3993383513,FALSE
"Tuolumne:CA",7236.96329108372,FALSE
"Sacramento-Roseville, CA CSA",1776.72092704579,TRUE
"Hartford-East Hartford, CT CSA",1022.70770571804,TRUE
"Calaveras:CA",10000,FALSE
"Calhoun:AL",4935.74049918714,FALSE
"Calhoun:FL",9741.97958050323,FALSE
"Jacksonville-St. Marys-Palatka, FL-GA CSA",2067.06073973688,TRUE
"Campbell:VA",10000,FALSE
"Knoxville-Morristown-Sevierville, TN CSA",1276.13185768471,TRUE
"Portland-Vancouver-Salem, OR-WA CSA",2131.00867123509,TRUE
"Candler:GA",10000,FALSE
"Bowie:TX",5140.26050820041,FALSE
"Chattanooga-Cleveland-Dalton, TN-GA CSA",2716.48679067137,TRUE
"Columbus-Marion-Zanesville, OH CSA",1772.14659489497,TRUE
"Dayton-Springfield-Kettering, OH CSA",3303.76526736372,TRUE
"Jasper:SC",6920.06304965492,FALSE
"Leon:FL",5196.45785108025,FALSE
"Nashville-Davidson--Murfreesboro, TN CSA",3053.39199897602,TRUE
"Shreveport-Bossier City-Minden, LA CSA",4700.81727425886,TRUE
"Carbon:UT",8057.42100591888,FALSE
"Schuylkill:PA",8844.33470248458,FALSE
"Wayne:KY",4727.52228369931,FALSE
"Caribou:ID",10000,FALSE
"Carlton:MN",9488.02014545916,FALSE
"Carroll:AR",8182.04772124732,FALSE
"Carroll:IA",10000,FALSE
"Carroll:VA",6570.19216162085,FALSE
"Tillamook:OR",9395.51252735191,FALSE
"Ohio:KY",9991.93095837314,FALSE
"Cass:MN",10000,FALSE
"Cass:TX",10000,FALSE
"Cass:IA",10000,FALSE
"Catawba:NC",4713.31259450826,FALSE
"Catron:NM",10000,FALSE
"Cedar:IA",10000,FALSE
"Weston:WY",3405.12637949448,FALSE
"State College-DuBois, PA CSA",10000,TRUE
"Chaffee:CO",10000,FALSE
"Charleston:SC",3090.78299296029,FALSE
"Chautauqua:NY",9118.8767537581,FALSE
"Chelan:WA",10000,FALSE
"Cherokee:NC",10000,FALSE
"Cherokee:OK",10000,FALSE
"Cherokee:IA",10000,FALSE
"Jackson-Brownsville, TN CSA",8482.14785086796,TRUE
"Lancaster:PA",5450.9152075253,FALSE
"Cheyenne:CO",10000,FALSE
"Cheyenne:KS",10000,FALSE
"Dewey:SD",10000,FALSE
"San Luis Obispo:CA",3220.88096426162,FALSE
"Chicot:AR",10000,FALSE
"Piute:UT",8422.23214112442,FALSE
"Union:OR",5496.43159653783,FALSE
"Pontotoc:OK",10000,FALSE
"Otero:NM",6806.00831049123,FALSE
"Corpus Christi-Kingsville-Alice, TX CSA",5318.6163694288,TRUE
"Box Butte:NE",10000,FALSE
"Jackson:OK",10000,FALSE
"Woods:OK",10000,FALSE
"Andrews:TX",10000,FALSE
"Clark:AR",10000,FALSE
"Eddy:NM",5703.89239421302,FALSE
"Atoka:OK",NA,FALSE
"Syracuse-Auburn, NY CSA",1483.67901258266,TRUE
"Kennebec:ME",2065.54065672911,FALSE
"Richmond:GA",7085.93353644643,FALSE
"Carbon:WY",4046.61272793141,FALSE
"Memphis-Forrest City, TN-MS-AR CSA",3571.82428996462,TRUE
"Golden Valley:ND",10000,FALSE
"Lincoln-Beatrice, NE CSA",5323.95506487127,TRUE
"Jefferson:TX",3512.3177644733,FALSE
"Waldo:ME",6415.3816246406,FALSE
"Marlboro:SC",10000,FALSE
"Bethel:AK",5000,FALSE
"Mercer:ND",5046.87134551773,FALSE
"Reagan:TX",10000,FALSE
"Howard:TX",10000,FALSE
"Sweet Grass:MT",NA,FALSE
"Yellowstone:MT",9314.37214838326,FALSE
"Burleigh:ND",8360.362977281,FALSE
"Lipscomb:TX",10000,FALSE
"Grant:WI",8576.91863806596,FALSE
"Bottineau:ND",10000,FALSE
"Kinney:TX",10000,FALSE
"Mcculloch:TX",10000,FALSE
"Mccurtain:OK",5923.87786555327,FALSE
"Brookings:SD",5699.40378398599,FALSE
"Terry:TX",5000.00625038002,FALSE
"Brownsville-Harlingen-Raymondville, TX CSA",4024.27440382685,TRUE
"Brown:TX",10000,FALSE
"Upshur:WV",10000,FALSE
"Wichita:TX",4351.2844749415,FALSE
"Moore:TX",8571.02616864432,FALSE
"Grady:GA",10000,FALSE
"Washington:ME",1012.12128185826,FALSE
"Ouachita:AR",10000,FALSE
"Hemphill:TX",10000,FALSE
"Jackson-Vicksburg-Brookhaven, MS CSA",2986.69201811445,TRUE
"Van Zandt:TX",10000,FALSE
"Cape Girardeau-Sikeston, MO-IL CSA",5142.66563447592,TRUE
"Dimmit:TX",10000,FALSE
"Reno-Carson City-Fernley, NV CSA",6882.05044121708,TRUE
"Panola:TX",10000,FALSE
"Natrona:WY",8336.80506337158,FALSE
"Neosho:KS",10000,FALSE
"Mcintosh:OK",5000,FALSE
"Childress:TX",10000,FALSE
"Teton:MT",10000,FALSE
"Sullivan:NH",3625.91087942272,FALSE
"Hamilton:TX",10000,FALSE
"Coahoma:MS",10000,FALSE
"Henry:MO",6878.25182101977,FALSE
"Clovis-Portales, NM CSA",3710.3392066573,TRUE
"Park:WY",8200,FALSE
"Mitchell:TX",10000,FALSE
"Platte:NE",10000,FALSE
"Gilliam:OR",9997.98542998346,FALSE
"Coryell:TX",10000,FALSE
"Whitley:KY",10000,FALSE
"Valdez Cordova:AK",5802.399398803,FALSE
"La Salle:TX",10000,FALSE
"Omaha-Council Bluffs-Fremont, NE-IA CSA",3773.3812024236,TRUE
"Crane:TX",10000,FALSE
"Saline:NE",NA,FALSE
"Houston:TX",8195.23514149711,FALSE
"Foard:TX",10000,FALSE
"Zavala:TX",5070.63388813419,FALSE
"Dallam:TX",5223.98562644784,FALSE
"Huntsville-Decatur, AL CSA",2882.69653251722,TRUE
"Vilas:WI",3781.6173082872,FALSE
"Luna:NM",8104.93426873585,FALSE
"Ramsey:ND",10000,FALSE
"Arkansas:AR",10000,FALSE
"Stark:ND",10000,FALSE
"Dillingham:AK",NA,FALSE
"Castro:TX",10000,FALSE
"Converse:WY",6121.88365650969,FALSE
"Dyer:TN",10000,FALSE
"Maverick:TX",7215.62568932171,FALSE
"McAllen-Edinburg, TX CSA",4000.63476601127,TRUE
"Schleicher:TX",10000,FALSE
"El Paso-Las Cruces, TX-NM CSA",3059.94741839877,TRUE
"Beckham:OK",6351.27449678422,FALSE
"Union:SD",NA,FALSE
"Elko:NV",7613.04944378684,FALSE
"Dickey:ND",10000,FALSE
"Hancock:ME",1211.75688296354,FALSE
"White Pine:NV",10000,FALSE
"Garfield:OK",10000,FALSE
"Barbour:AL",9459.87654320988,FALSE
"Jefferson:NE",10000,FALSE
"Churchill:NV",10000,FALSE
"Fargo-Wahpeton, ND-MN CSA",3512.18415586452,TRUE
"San Juan:NM",8078.92952894474,FALSE
"Otter Tail:MN",5414.41391476533,FALSE
"Coconino:AZ",4770.28225573965,FALSE
"Lauderdale:AL",5567.89544582312,FALSE
"Floyd:TX",10000,FALSE
"Sebastian:AR",10000,FALSE
"Kerrville-Fredericksburg, TX CSA",5764.80696332234,TRUE
"Madison:MO",10000,FALSE
"Etowah:AL",10000,FALSE
"Scotts Bluff:NE",5187.96770522059,FALSE
"Bowling Green-Glasgow, KY CSA",4064.28819820725,TRUE
"Dawson:MT",10000,FALSE
"Edwards-Glenwood Springs, CO CSA",2960.744507752,TRUE
"Gonzales:TX",10000,FALSE
"Grand Forks:ND",10000,FALSE
"Buffalo:NE",5325.7423904056,FALSE
"Hall:NE",10000,FALSE
"Cascade:MT",7670.41258484193,FALSE
"Sweetwater:WY",9136.89828670856,FALSE
"Washington:MS",8270.03048137307,FALSE
"Texas:OK",NA,FALSE
"Lavaca:TX",9633.05961903718,FALSE
"Big Horn:MT",10000,FALSE
"Wheatland:MT",NA,FALSE
"Cedar:NE",NA,FALSE
"Wells:ND",10000,FALSE
"Haskell:TX",10000,FALSE
"Adams:NE",10000,FALSE
"Mineral:NV",5640.37870613623,FALSE
"Perry:KY",5197.72297870453,FALSE
"Lewis And Clark:MT",3764.44644294136,FALSE
"Henderson:KY",10000,FALSE
"Deaf Smith:TX",10000,FALSE
"Lewis:TN",10000,FALSE
"Phelps:NE",10000,FALSE
"Hempstead:AR",10000,FALSE
"Hot Springs-Malvern, AR CSA",4795.4711468225,TRUE
"Beadle:SD",10000,FALSE
"Chase:NE",10000,FALSE
"Stutsman:ND",10000,FALSE
"Jasper:TX",10000,FALSE
"Kimble:TX",10000,FALSE
"Jackson:SD",10000,FALSE
"Cheshire:NH",3372.43848917103,FALSE
"Ketchikan Gateway:AK",10000,FALSE
"Davenport-Moline, IA-IL CSA",3179.74596497571,TRUE
"Bell:TX",6793.28977776455,FALSE
"Kimball:NE",10000,FALSE
"Morgantown-Fairmont, WV CSA",8400.74088541381,TRUE
"Lincoln:WY",8267.7882004081,FALSE
"Charles Mix:SD",10000,FALSE
"Prowers:CO",7700.08455452864,FALSE
"Dawson:TX",10000,FALSE
"Archer:TX",10000,FALSE
"Cavalier:ND",10000,FALSE
"Ingham:MI",9262.68399459535,FALSE
"Webb:TX",8200.55400723644,FALSE
"Comanche:OK",8233.94319018448,FALSE
"Grafton:NH",5755.97536674036,FALSE
"Perkins:SD",5000.13661712396,FALSE
"Nez Perce:ID",5013.85041551246,FALSE
"Lamb:TX",4831.09942212595,FALSE
"Park:MT",10000,FALSE
"Llano:TX",10000,FALSE
"Cache:UT",10000,FALSE
"Santa Barbara:CA",5729.42667859111,FALSE
"Grant:OR",7941.48373658068,FALSE
"Winston:MS",10000,FALSE
"Louisville/Jefferson County--Elizabethtown--Bardstown, KY-IN CSA",2676.95811768836,TRUE
"Lea:NM",8517.11317258601,FALSE
"Lubbock-Plainview-Levelland, TX CSA",7105.67351545374,TRUE
"Mackinac:MI",5528.79648760331,FALSE
"Jefferson:IN",10000,FALSE
"Hopkins:KY",9348.4522158114,FALSE
"Morton:ND",7236.96329108372,FALSE
"Daggett:UT",10000,FALSE
"Love:OK",10000,FALSE
"Grant:IN",10000,FALSE
"Green Lake:WI",10000,FALSE
"Bennett:SD",NA,FALSE
"Mason:TX",10000,FALSE
"Motley:TX",10000,FALSE
"Traill:ND",10000,FALSE
"Pittsburg:OK",8143.38119259243,FALSE
"Red Willow:NE",NA,FALSE
"Yukon Koyukuk:AK",5918.36734693878,FALSE
"Warren:TN",10000,FALSE
"Hall:TX",9219.12905225888,FALSE
"Menard:TX",10000,FALSE
"Joplin-Miami, MO-OK CSA",7270.13692784899,TRUE
"Midland-Odessa, TX CSA",4899.37514575192,TRUE
"Saginaw-Midland-Bay City, MI CSA",3507.65952483349,TRUE
"Sargent:ND",8803.87412289836,FALSE
"Umatilla:OR",2332.47430777854,FALSE
"Ward:ND",4209.98705428508,FALSE
"Davison:SD",10000,FALSE
"Renville:ND",10000,FALSE
"Ward:TX",10000,FALSE
"Warren:IL",10000,FALSE
"Drew:AR",10000,FALSE
"Nacogdoches:TX",9187.36224524176,FALSE
"Conway:AR",10000,FALSE
"Cochran:TX",10000,FALSE
"Bailey:TX",10000,FALSE
"Calloway:KY",10000,FALSE
"Antelope:NE",10000,FALSE
"Lake And Peninsula:AK",10000,FALSE
"Newton:TX",9714.88880001662,FALSE
"Aiken:SC",6909.84934399322,FALSE
"Lincoln:NE",10000,FALSE
"Morrow:OR",9967.92409208381,FALSE
"Sully:SD",10000,FALSE
"Polk:NE",NA,FALSE
"Labette:KS",6250,FALSE
"Lafayette:MS",7495.24061859351,FALSE
"Franklin:AR",NA,FALSE
"Henry:TN",10000,FALSE
"Logan:AR",NA,FALSE
"Price:WI",NA,FALSE
"Garvin:OK",7532.60912058977,FALSE
"Reeves:TX",10000,FALSE
"Ochiltree:TX",10000,FALSE
"Wrangell Petersburg:AK",5061.72839506173,FALSE
"Barbour:WV",10000,FALSE
"Hughes:SD",10000,FALSE
"Pike:KY",7525.82606819761,FALSE
"Pierce:NE",NA,FALSE
"Sheridan:MT",10000,FALSE
"Tupelo-Corinth, MS CSA",6155.05103406239,TRUE
"Garza:TX",10000,FALSE
"Coos:OR",7997.52070388023,FALSE
"Yavapai:AZ",3221.77369301435,FALSE
"Rapid City-Spearfish, SD CSA",9415.41106622674,TRUE
"Colfax:NM",5562.57423232044,FALSE
"Richland:WI",10000,FALSE
"Coke:TX",10000,FALSE
"Knox:ME",5312.91930862075,FALSE
"Edwards:TX",10000,FALSE
"Rocky Mount-Wilson-Roanoke Rapids, NC CSA",4950.48496723834,TRUE
"Benton:AR",7255.51347738917,FALSE
"Presque Isle:MI",9282.64753460504,FALSE
"Oneida:NY",9220.80271202823,FALSE
"Chaves:NM",9623.02107966874,FALSE
"Uvalde:TX",9131.19191526907,FALSE
"Sac:IA",7445.16695310724,FALSE
"Graham:AZ",10000,FALSE
"Salem:VA",10000,FALSE
"Saline:KS",10000,FALSE
"Sequoyah:OK",10000,FALSE
"San Augustine:TX",10000,FALSE
"San Saba:TX",10000,FALSE
"Aleutians East:AK",10000,FALSE
"Guadalupe:NM",9758.17577608251,FALSE
"Panola:MS",8520.20353819372,FALSE
"Carroll:IL",8888.05486203635,FALSE
"Savannah-Hinesville-Statesboro, GA CSA",3184.66952470943,TRUE
"Scottsboro-Fort Payne, AL CSA",7245.07417423223,TRUE
"Gaines:TX",10000,FALSE
"Baylor:TX",10000,FALSE
"Wheeler:TX",10000,FALSE
"Wasco:OR",9999.10247895494,FALSE
"Wallace:KS",10000,FALSE
"Toole:MT",10000,FALSE
"Sheridan:WY",10000,FALSE
"Cheyenne:NE",10000,FALSE
"Hardin:TX",10000,FALSE
"Scurry:TX",10000,FALSE
"Socorro:NM",7432.65472290602,FALSE
"Pulaski:KY",5053.94182056108,FALSE
"White:TN",5482.17532804724,FALSE
"Hansford:TX",10000,FALSE
"Clay:IA",10000,FALSE
"Baca:CO",5647.3922670356,FALSE
"Greene:MO",3706.03994854087,FALSE
"Pulaski:MO",10000,FALSE
"Mountrail:ND",10000,FALSE
"Erath:TX",4848.86715686203,FALSE
"Sherman:TX",10000,FALSE
"Bloomsburg-Berwick-Sunbury, PA CSA",7906.42787727336,TRUE
"Crook:WY",5000,FALSE
"Nolan:TX",10000,FALSE
"Burt:NE",NA,FALSE
"Hot Springs:WY",10000,FALSE
"Thomas:GA",10000,FALSE
"Tift:GA",10000,FALSE
"Goshen:WY",9092.97052154195,FALSE
"Sierra:NM",9983.81441579706,FALSE
"Tucson-Nogales, AZ CSA",4189.60465705414,TRUE
"Quay:NM",7548.14006920415,FALSE
"Swisher:TX",10000,FALSE
"Aleutians West:AK",10000,FALSE
"Presidio:TX",NA,FALSE
"Barnes:ND",10000,FALSE
"Clay:SD",10000,FALSE
"Craig:OK",10000,FALSE
"Mclennan:TX",6174.90991834437,FALSE
"Scott:AR",10000,FALSE
"Bradley:AR",10000,FALSE
"Daviess:IN",10000,FALSE
"Codington:SD",10000,FALSE
"Jefferson:NY",6222.4571608168,FALSE
"Dodge:WI",10000,FALSE
"Jefferson:OK",10000,FALSE
"Wayne:NE",10000,FALSE
"Colorado:TX",10000,FALSE
"Collingsworth:TX",10000,FALSE
"Howell:MO",10000,FALSE
"Cuming:NE",NA,FALSE
"Hampden:MA",3524.23384578822,FALSE
"Platte:WY",10000,FALSE
"Williams:ND",5033.64796443132,FALSE
"Winn:LA",10000,FALSE
"Roosevelt:MT",10000,FALSE
"Wythe:VA",10000,FALSE
"Yankton:SD",10000,FALSE
"York:NE",9918.70054144107,FALSE
"Sitka:AK",10000,FALSE
"Honolulu:HI",2957.15436037163,FALSE
"Claiborne:TN",10000,FALSE
"Clarendon:SC",10000,FALSE
"Clark:KS",10000,FALSE
"Clarke:MS",10000,FALSE
"Clarke:IA",NA,FALSE
"Clay:KS",10000,FALSE
"Clay:NC",10000,FALSE
"Henrico:VA",7750.44732001521,FALSE
"Blaine:ID",10000,FALSE
"Clearwater:ID",7562.62913223141,FALSE
"Grant:NM",9398.15242249984,FALSE
"Williamsport-Lock Haven, PA CSA",4806.26260502709,TRUE
"Pushmataha:OK",10000,FALSE
"Cloud:KS",10000,FALSE
"New Bern-Morehead City, NC CSA",8649.51887190044,TRUE
"Cochise:AZ",5915.86805919483,FALSE
"Coffee:AL",10000,FALSE
"Coffey:KS",10000,FALSE
"Charlottesville City:VA",9739.43873200886,FALSE
"Colleton:SC",10000,FALSE
"Cape Coral-Fort Myers-Naples, FL CSA",3688.10949358337,TRUE
"Pueblo-Ca√±on City, CO CSA",4778.01207870839,TRUE
"Colquitt:GA",10000,FALSE
"Columbia:WA",NA,FALSE
"Colusa:CA",10000,FALSE
"Fremont:WY",10000,FALSE
"Oktibbeha:MS",9504.34801736658,FALSE
"Haines:AK",10000,FALSE
"Jefferson:IA",5363.63662157035,FALSE
"Walsh:ND",5000,FALSE
"Cook:GA",10000,FALSE
"Cook:MN",10000,FALSE
"Ithaca-Cortland, NY CSA",3301.81337597878,TRUE
"Cottonwood:MN",10000,FALSE
"King William:VA",8127.83679676407,FALSE
"Columbia:NY",10000,FALSE
"Yuma:AZ",4806.24438168476,FALSE
"Craig:VA",10000,FALSE
"Jonesboro-Paragould, AR CSA",3101.58902174729,TRUE
"Crawford:IA",10000,FALSE
"Erie-Meadville, PA CSA",7119.62008384707,TRUE
"Crisp:GA",10000,FALSE
"Bend-Prineville, OR CSA",7713.06798710115,TRUE
"Crow Wing:MN",9138.25995939405,FALSE
"Cumberland:TN",9415.39129592059,FALSE
"Cumberland:VA",10000,FALSE
"Buchanan:VA",10000,FALSE
"Custer:CO",10000,FALSE
"Custer:MT",8740.22999301236,FALSE
"Custer:NE",10000,FALSE
"Bennington:VT",7721.09248242293,FALSE
"Chemung:NY",10000,FALSE
"Clinton:NY",9909.98473681606,FALSE
"Essex:NY",1873.03012898749,FALSE
"Franklin:NY",5792.69589749541,FALSE
"Lamoille:VT",3015.98387327185,FALSE
"Lane:OR",8337.87671334866,FALSE
"Mckean:PA",10000,FALSE
"Orange:VT",3333.33333333333,FALSE
"Orleans:VT",9007.90921895964,FALSE
"Otsego:NY",8776.51240655814,FALSE
"Penobscot:ME",8416.70469859358,FALSE
"Rutland:VT",821.703350907444,FALSE
"Schuyler:NY",9420.23836734694,FALSE
"Roanoke:VA",3659.86684304367,FALSE
"Laramie:WY",4805.86255607439,FALSE
"Lincoln:OR",4052.9678087393,FALSE
"Dallas:AR",10000,FALSE
"Daniels:MT",10000,FALSE
"Darlington:SC",6961.74591287547,FALSE
"Daviess:KY",9995.29938107477,FALSE
"Kay:OK",5543.19051852228,FALSE
"De Baca:NM",10000,FALSE
"Sevier:AR",5418.54302486807,FALSE
"Decatur:GA",10000,FALSE
"Decatur:KS",10000,FALSE
"Defiance:OH",7326.76972303676,FALSE
"DeKalb:TN",10000,FALSE
"Del Norte:CA",10000,FALSE
"Delaware:NY",3983.39313368929,FALSE
"Delaware:OK",10000,FALSE
"Delta:CO",10000,FALSE
"Delta:MI",7191.40995148864,FALSE
"Denali:AK",10000,FALSE
"Day:SD",10000,FALSE
"Kauai:HI",9744.06350570029,FALSE
"Burlington-Fort Madison-Keokuk, IA-IL-MO CSA",6371.30493410224,TRUE
"Desha:AR",10000,FALSE
"Dickenson:VA",10000,FALSE
"Dillon:SC",10000,FALSE
"Dinwiddie:VA",10000,FALSE
"Dodge:GA",10000,FALSE
"Rochester-Austin, MN CSA",2376.33428654301,TRUE
"Dolores:CO",10000,FALSE
"Sabine:TX",10000,FALSE
"Dorchester:SC",10000,FALSE
"Southeast Fairbanks:AK",7222.22222222222,FALSE
"Douglas:OR",10000,FALSE
"Piscataquis:ME",2524.2368214315,FALSE
"Lawrence:AR",10000,FALSE
"Bayfield:WI",10000,FALSE
"Duchesne:UT",10000,FALSE
"Duplin:NC",10000,FALSE
"Hopewell City:VA",10000,FALSE
"Ashland:WI",5000,FALSE
"Marinette-Iron Mountain, WI-MI CSA",5601.55811305151,TRUE
"Kanabec:MN",10000,FALSE
"Pine:MN",10000,FALSE
"Phillips:AR",10000,FALSE
"Obion:TN",10000,FALSE
"La Paz:AZ",10000,FALSE
"Edgefield:SC",10000,FALSE
"Edwards:KS",10000,FALSE
"Greenville-Kinston-Washington, NC CSA",4319.8219604915,TRUE
"Elbert:GA",10000,FALSE
"Ellis:KS",10000,FALSE
"New Orleans-Metairie-Hammond, LA-MS CSA",3839.64070723917,TRUE
"Emanuel:GA",10000,FALSE
"Emery:UT",10000,FALSE
"Emmet:MI",10000,FALSE
"Emmet:IA",10000,FALSE
"Huron:MI",10000,FALSE
"Franklin:VA",9849.02296145981,FALSE
"Garfield:UT",3370.71008686211,FALSE
"Pensacola-Ferry Pass, FL-AL CSA",3535.77448513451,TRUE
"Mcdowell:WV",10000,FALSE
"Esmeralda:NV",10000,FALSE
"Essex:VA",10000,FALSE
"Eureka:NV",10000,FALSE
"Evans:GA",10000,FALSE
"Springfield-Jacksonville-Lincoln, IL CSA",5355.48529371805,TRUE
"Fairbanks North Star:AK",10000,FALSE
"Fallon:MT",10000,FALSE
"Fayette:IA",10000,FALSE
"Fayette:AL",10000,FALSE
"Fentress:TN",10000,FALSE
"Ferry:WA",10000,FALSE
"Martinsville City:VA",10000,FALSE
"Pittsylvania:VA",8098.30720134591,FALSE
"Flathead:MT",9006.54115642309,FALSE
"Pasco:FL",3836.97306888717,FALSE
"Floyd:IA",10000,FALSE
"Floyd:VA",10000,FALSE
"Howard:IA",8164.90746785299,FALSE
"Fluvanna:VA",6595.4987696894,FALSE
"Ford:KS",10000,FALSE
"Richmond:NY",10000,FALSE
"Gallatin:MT",9026.24190327584,FALSE
"Franklin:AL",10000,FALSE
"Franklin:FL",5000,FALSE
"Franklin:GA",10000,FALSE
"Franklin:ID",10000,FALSE
"Franklin:MS",10000,FALSE
"Franklin:TN",5810.04651941945,FALSE
"Franklin:MA",5890.6786004967,FALSE
"Fremont:IA",10000,FALSE
"Gadsden:FL",9240.32046985221,FALSE
"Jackson:OH",10000,FALSE
"Garrett:MD",10000,FALSE
"Aitkin:MN",5096.14515233787,FALSE
"Uinta:WY",8267.7882004081,FALSE
"Coffee:GA",10000,FALSE
"Decatur:TN",10000,FALSE
"El Paso:CO",5026.34097778942,FALSE
"Henderson:TN",10000,FALSE
"Mcnairy:TN",10000,FALSE
"Sampson:NC",10000,FALSE
"Sumter:GA",10000,FALSE
"Taylor:GA",10000,FALSE
"Terrell:GA",10000,FALSE
"Giles:VA",10000,FALSE
"Glades:FL",10000,FALSE
"Glasscock:TX",10000,FALSE
"Glenn:CA",10000,FALSE
"Gogebic:MI",10000,FALSE
"Waupaca:WI",10000,FALSE
"Goochland:VA",10000,FALSE
"Mesa:CO",8973.02969549783,FALSE
"Gove:KS",10000,FALSE
"Graham:KS",10000,FALSE
"Graham:NC",10000,FALSE
"Granite:MT",10000,FALSE
"Grant:KS",10000,FALSE
"Grant:LA",10000,FALSE
"Gray:KS",10000,FALSE
"Alger:MI",10000,FALSE
"Marquette:MI",6827.78614632486,FALSE
"Greeley:KS",10000,FALSE
"Greene:NY",5446.38910824468,FALSE
"Perry:AL",10000,FALSE
"Greenbrier:WV",10000,FALSE
"Greene:NC",10000,FALSE
"Greene:TN",10000,FALSE
"Greene:VA",10000,FALSE
"Greenlee:AZ",10000,FALSE
"Emporia City:VA",10000,FALSE
"Lincoln:NM",3448.11716456753,FALSE
"Gregory:SD",10000,FALSE
"Jackson:MI",4326.18883865608,FALSE
"Mount Pleasant-Alma, MI CSA",5555.55555555555,TRUE
"Grundy:IA",10000,FALSE
"Grundy:TN",NA,FALSE
"Costilla:CO",10000,FALSE
"Fond Du Lac:WI",10000,FALSE
"Gunnison:CO",10000,FALSE
"Monroe:WV",10000,FALSE
"Hamilton:FL",10000,FALSE
"Hamilton:IA",10000,FALSE
"Hamilton:KS",10000,FALSE
"Hamilton:NY",6174.35646550197,FALSE
"Dickinson:KS",NA,FALSE
"Douglas:KS",10000,FALSE
"Geary:KS",NA,FALSE
"Lyon:KS",10000,FALSE
"Marshall:KS",10000,FALSE
"Morris:KS",NA,FALSE
"Nodaway:MO",5942.442809073,FALSE
"Osage:KS",10000,FALSE
"Pottawatomie:KS",10000,FALSE
"Riley:KS",5548.97125156481,FALSE
"Washington:KS",10000,FALSE
"Hanover:VA",10000,FALSE
"Hardeman:TN",10000,FALSE
"Hardin:OH",10000,FALSE
"Harper:KS",9922.73179138065,FALSE
"Hart:GA",10000,FALSE
"La Crosse:WI",5804.78346206642,FALSE
"Hartley:TX",10000,FALSE
"Haskell:KS",10000,FALSE
"Hawaii:HI",5273.54499240601,FALSE
"Hays:TX",9842.33785768717,FALSE
"Dothan-Ozark, AL CSA",5133.25400485309,TRUE
"Henry:OH",5990.67593989498,FALSE
"Champaign:IL",7319.7159043213,FALSE
"Butler:MO",NA,FALSE
"Clallam:WA",10000,FALSE
"Hernando:FL",10000,FALSE
"Hertford:NC",10000,FALSE
"Schoolcraft:MI",5049.65525835362,FALSE
"Hickman:TN",10000,FALSE
"Hidalgo:NM",10000,FALSE
"Keith:NE",9439.30043895908,FALSE
"Highland:VA",10000,FALSE
"Highlands:FL",10000,FALSE
"Hill:MT",10000,FALSE
"Martin:KY",10000,FALSE
"Hinsdale:CO",10000,FALSE
"Hodgeman:KS",10000,FALSE
"Modoc:CA",5721.41097289826,FALSE
"Christian:KY",5557.90711083498,FALSE
"Houghton:MI",10000,FALSE
"Houston:TN",10000,FALSE
"Hubbard:MN",10000,FALSE
"Huerfano:CO",10000,FALSE
"Humboldt:CA",6503.70996524843,FALSE
"Herkimer:NY",10000,FALSE
"Vigo:IN",9732.32732505456,FALSE
"Edgar:IL",10000,FALSE
"Plumas:CA",9680.97310240149,FALSE
"Inyo:CA",9580.24567128348,FALSE
"Montgomery:IA",10000,FALSE
"Iron:UT",10000,FALSE
"Itasca:MN",10000,FALSE
"Altoona-Huntingdon, PA CSA",5742.76256402658,TRUE
"Teton:WY",10000,FALSE
"Jackson:AR",10000,FALSE
"Jackson:CO",10000,FALSE
"Jackson:KS",10000,FALSE
"Jackson:KY",10000,FALSE
"Jackson:NC",10000,FALSE
"Jackson:TX",10000,FALSE
"Jackson:LA",10000,FALSE
"Orange:IN",10000,FALSE
"Jasper:GA",10000,FALSE
"Jefferson:GA",10000,FALSE
"Jefferson:OR",10000,FALSE
"Jefferson:WA",10000,FALSE
"Jefferson:MT",NA,FALSE
"Jefferson Davis:MS",10000,FALSE
"Jenkins:GA",10000,FALSE
"Jewell:KS",NA,FALSE
"Jim Hogg:TX",10000,FALSE
"Gregg:TX",9644.91648574291,FALSE
"Starke:IN",NA,FALSE
"Johnson:AR",10000,FALSE
"Johnson:TN",10000,FALSE
"Luzerne:PA",6483.09063340865,FALSE
"Wetzel:WV",10000,FALSE
"Juneau:WI",10000,FALSE
"Kittson:MN",9665.78821079834,FALSE
"Kandiyohi:MN",9907.17701233342,FALSE
"Kane:UT",10000,FALSE
"Marion:KS",NA,FALSE
"Kearny:KS",10000,FALSE
"Kenai Peninsula:AK",10000,FALSE
"Kent:MD",10000,FALSE
"Rock:MN",5254.94276795005,FALSE
"Lackawanna:PA",7301.7026782047,FALSE
"Meigs:OH",10000,FALSE
"Kingfisher:OK",10000,FALSE
"Kiowa:CO",10000,FALSE
"Kiowa:KS",10000,FALSE
"Alpine:CA",10000,FALSE
"Kit Carson:CO",10000,FALSE
"Kittitas:WA",10000,FALSE
"Klamath:OR",10000,FALSE
"Klickitat:WA",10000,FALSE
"Oneida:IL",10000,FALSE
"Koochiching:MN",10000,FALSE
"Kossuth:IA",10000,FALSE
"Dakota:NE",10000,FALSE
"Lafayette:AR",10000,FALSE
"Lafayette:FL",10000,FALSE
"Lake:CO",10000,FALSE
"Lake:MT",10000,FALSE
"Lake:OR",10000,FALSE
"Lake Of The Woods:MN",10000,FALSE
"Lander:NV",10000,FALSE
"Franklin:IL",10000,FALSE
"Cerro Gordo:IA",10000,FALSE
"Vermillion:IN",10000,FALSE
"Larimer:CO",9535.159662387,FALSE
"Union:KY",9942.66439630948,FALSE
"Pullman-Moscow, WA-ID CSA",5683.99324451117,TRUE
"Lauderdale:TN",10000,FALSE
"Laurens:GA",10000,FALSE
"Bloomington-Bedford, IN CSA",6876.24095961684,TRUE
"Roanoke City:VA",9986.5611092341,FALSE
"Latimer:OK",NA,FALSE
"Le Flore:OK",10000,FALSE
"Leake:MS",10000,FALSE
"Lemhi:ID",10000,FALSE
"Leslie:KY",10000,FALSE
"Letcher:KY",10000,FALSE
"Fergus:MT",10000,FALSE
"Dawson:NE",10000,FALSE
"Columbia-Orangeburg-Newberry, SC CSA",4300.2959038477,TRUE
"Liberty:FL",10000,FALSE
"Glynn:GA",5000,FALSE
"Lincoln:CO",10000,FALSE
"Lincoln:GA",10000,FALSE
"Lincoln:KS",10000,FALSE
"Lincoln:MN",10000,FALSE
"Lincoln:MT",10000,FALSE
"Lincoln:SD",10000,FALSE
"Lincoln:WA",NA,FALSE
"Little River:AR",10000,FALSE
"Crawford:KS",10000,FALSE
"Logan:CO",10000,FALSE
"Logan:KS",10000,FALSE
"San Juan:WA",10000,FALSE
"Louisa:VA",5109.02684561794,FALSE
"Louisa:IA",10000,FALSE
"Howard:NE",10000,FALSE
"Lyon:MN",10000,FALSE
"Macon:NC",10000,FALSE
"Madison:AR",NA,FALSE
"Oxford:ME",1205.55980750236,FALSE
"Cassia:ID",10000,FALSE
"Twin Falls:ID",4305.4399006798,FALSE
"Phillips:MT",10000,FALSE
"Monroe-Ruston, LA CSA",3567.41855813735,TRUE
"Marion:AR",10000,FALSE
"Marion:KY",10000,FALSE
"Marion:MS",10000,FALSE
"Mariposa:CA",10000,FALSE
"Lumpkin:GA",10000,FALSE
"Marshall:KY",10000,FALSE
"Marshall:IA",10000,FALSE
"Martin:IN",10000,FALSE
"Caroline:MD",10000,FALSE
"Matanuska Susitna:AK",8929.61989071148,FALSE
"Winona:MN",10000,FALSE
"Maui:HI",10000,FALSE
"Mcduffie:GA",10000,FALSE
"Mcintosh:GA",10000,FALSE
"McKenzie:ND",10000,FALSE
"Mckinley:NM",9985.30996778405,FALSE
"Mcmullen:TX",10000,FALSE
"Mcpherson:KS",10000,FALSE
"Williamson:IL",9824.65203777453,FALSE
"Meeker:MN",10000,FALSE
"Meigs:TN",10000,FALSE
"Beaufort:SC",10000,FALSE
"Mercer:KY",10000,FALSE
"Mercer:WV",10000,FALSE
"Somerset:ME",9144.91468713421,FALSE
"Boone:AR",5040.72775612871,FALSE
"Miami:OH",10000,FALSE
"Miami-dade:FL",10000,FALSE
"Caldwell:KY",8895.0672204918,FALSE
"Cedar:MO",10000,FALSE
"Cross:AR",10000,FALSE
"Hancock:KY",10000,FALSE
"La Plata:CO",10000,FALSE
"Laclede:MO",NA,FALSE
"Lawrence:MO",10000,FALSE
"Livingston:MO",10000,FALSE
"Pettis:MO",10000,FALSE
"Phelps:MO",10000,FALSE
"Prairie:AR",10000,FALSE
"Saline:MO",NA,FALSE
"Seminole:OK",10000,FALSE
"Union:AR",10000,FALSE
"Warren:NC",10000,FALSE
"Wright:MO",10000,FALSE
"Fresno:CA",NA,FALSE
"Tulare:CA",8572.33182061364,FALSE
"Dooly:GA",10000,FALSE
"Middlesex:VA",10000,FALSE
"Tazewell:IL",8882.8357130567,FALSE
"Green:KY",10000,FALSE
"Millard:UT",10000,FALSE
"Miller:AR",10000,FALSE
"Knox:KY",10000,FALSE
"Mineral:CO",10000,FALSE
"Mississippi:AR",10000,FALSE
"Mitchell:KS",10000,FALSE
"Alpena:MI",10000,FALSE
"Niagara:NY",10000,FALSE
"Siskiyou:CA",9500.07910807163,FALSE
"Moffat:CO",10000,FALSE
"Mono:CA",5465.76852268039,FALSE
"Monona:IA",10000,FALSE
"Monroe:AR",NA,FALSE
"Monroe:KY",10000,FALSE
"Monroe:MS",10000,FALSE
"Monroe:WI",10000,FALSE
"Lewis and Clark:MT",10000,FALSE
"Meagher:MT",NA,FALSE
"Powell:MT",10000,FALSE
"Montezuma:CO",10000,FALSE
"Montgomery:AR",10000,FALSE
"Jo Daviess:IL",NA,FALSE
"Val Verde:TX",10000,FALSE
"Morgan:CO",10000,FALSE
"Morgan:KY",10000,FALSE
"Russell:KY",10000,FALSE
"Shiawassee:MI",9694.74606816132,FALSE
"Morrison:MN",10000,FALSE
"Clinton:KY",10000,FALSE
"Morton:KS",10000,FALSE
"Washington:KY",10000,FALSE
"Lunenburg:VA",10000,FALSE
"Petersburg City:VA",9091.14320061085,FALSE
"Pike:MO",10000,FALSE
"Knox:IN",7538.31668143249,FALSE
"Anchorage:AK",8833.93465098583,FALSE
"Murray:MN",10000,FALSE
"Musselshell:MT",10000,FALSE
"Warren:NJ",10000,FALSE
"Garfield:WA",10000,FALSE
"East Baton Rouge:LA",5254.4226917154,FALSE
"Nelson:VA",10000,FALSE
"Nemaha:KS",NA,FALSE
"Neshoba:MS",10000,FALSE
"Ness:KS",10000,FALSE
"Nevada:AR",10000,FALSE
"New Hanover:NC",9999.14747902598,FALSE
"Radford City:VA",10000,FALSE
"Pulaski:VA",10000,FALSE
"Union:FL",10000,FALSE
"Newton:AR",NA,FALSE
"Newton:MS",10000,FALSE
"Nicholas:WV",10000,FALSE
"Whatcom:WA",3842.87215611801,FALSE
"Divide:ND",10000,FALSE
"Butte:CA",5365.53660876546,FALSE
"Clatsop:OR",10000,FALSE
"Lincoln:NV",10000,FALSE
"Medford-Grants Pass, OR CSA",8262.5915654456,TRUE
"Webster:IA",10000,FALSE
"Taos:NM",9098.4039903563,FALSE
"Shoshone:ID",NA,FALSE
"Northampton:VA",10000,FALSE
"Lagrange:IN",10000,FALSE
"Pondera:MT",10000,FALSE
"Palo Alto:IA",9959.22841913271,FALSE
"Bradford:PA",10000,FALSE
"Tioga:PA",10000,FALSE
"Obrien:IA",10000,FALSE
"Cibola:NM",10000,FALSE
"Woodward:OK",10000,FALSE
"Norton:KS",10000,FALSE
"Nottoway:VA",10000,FALSE
"Oceana:MI",10000,FALSE
"Okaloosa:FL",7757.33749002635,FALSE
"Okanogan:WA",10000,FALSE
"Caddo:OK",NA,FALSE
"Onslow:NC",8468.38977676123,FALSE
"Orange:TX",10000,FALSE
"Osborne:KS",10000,FALSE
"Osceola:MI",10000,FALSE
"Otero:CO",10000,FALSE
"Red Lake:MN",10000,FALSE
"Wapello:IA",8751.5924316468,FALSE
"Overton:TN",10000,FALSE
"Owen:KY",10000,FALSE
"Pacific:WA",5041.32231404959,FALSE
"Page:VA",10000,FALSE
"Page:IA",10000,FALSE
"Missoula:MT",9065.73037488682,FALSE
"Parkersburg-Marietta-Vienna, WV-OH CSA",9943.32038413753,TRUE
"Patrick:VA",10000,FALSE
"Pawnee:KS",10000,FALSE
"Dewitt:IL",10000,FALSE
"Pike:IL",10000,FALSE
"Rio Blanco:CO",9286.47814986595,FALSE
"Pend Oreille:WA",10000,FALSE
"Pender:NC",10000,FALSE
"Cape Girardeau:MO",10000,FALSE
"Perry:TN",10000,FALSE
"Perry:IN",10000,FALSE
"Perry:IL",10000,FALSE
"Humboldt:NV",NA,FALSE
"Pershing:NV",10000,FALSE
"Phillips:CO",10000,FALSE
"Phillips:KS",10000,FALSE
"Pickett:TN",10000,FALSE
"Hattiesburg-Laurel, MS CSA",4391.25220608662,TRUE
"Plymouth:IA",10000,FALSE
"Pocahontas:IA",10000,FALSE
"Pocahontas:WV",9059.35720457218,FALSE
"Polk:NC",10000,FALSE
"Polk:MN",10000,FALSE
"Potter:PA",10000,FALSE
"Powder River:MT",10000,FALSE
"Power:ID",10000,FALSE
"Union:IA",5005.74283252383,FALSE
"Martin:MN",10000,FALSE
"Pratt:KS",10000,FALSE
"Preble:OH",10000,FALSE
"Prince Edward:VA",10000,FALSE
"Pulaski:IN",10000,FALSE
"Putnam:TN",10000,FALSE
"Breckinridge:KY",10000,FALSE
"Orange:VA",10000,FALSE
"Rabun:GA",10000,FALSE
"Raleigh:WV",10000,FALSE
"Randolph:AL",NA,FALSE
"Randolph:GA",10000,FALSE
"Grundy:MO",NA,FALSE
"Rawlins:KS",10000,FALSE
"Rapides:LA",10000,FALSE
"Redwood:MN",10000,FALSE
"Taylor:WV",10000,FALSE
"Grant:WV",10000,FALSE
"Iowa:IA",10000,FALSE
"Reno:KS",9632.87570676096,FALSE
"Renville:MN",10000,FALSE
"Ascension:LA",10000,FALSE
"Barton:MO",10000,FALSE
"Bertie:NC",10000,FALSE
"Brewster:TX",5713.39166684519,FALSE
"Burnet:TX",10000,FALSE
"Butler:AL",10000,FALSE
"Caldwell:NC",10000,FALSE
"Camden:MO",10000,FALSE
"Carroll:TN",10000,FALSE
"Cherokee:KS",10000,FALSE
"Clarke:AL",10000,FALSE
"Cole:MO",10000,FALSE
"Covington:AL",NA,FALSE
"Custer:OK",10000,FALSE
"Dixon-Sterling, IL CSA",5017.10784896518,TRUE
"Dubois:IN",10000,FALSE
"Fayette:TX",NA,FALSE
"Harrison:TX",10000,FALSE
"Henry:IA",9762.48144420175,FALSE
"Hill:TX",10000,FALSE
"Hillsdale:MI",10000,FALSE
"Jackson:IL",10000,FALSE
"Jeff Davis:GA",10000,FALSE
"King And Queen:VA",10000,FALSE
"Kokomo-Peru, IN CSA",3778.41613307573,TRUE
"Lake Charles-Jennings, LA CSA",10000,TRUE
"Lawrence:IL",10000,FALSE
"Lee:SC",10000,FALSE
"Limestone:TX",10000,FALSE
"Lincoln:KY",10000,FALSE
"Lincoln:TN",10000,FALSE
"Manistee:MI",10000,FALSE
"Marshall:AL",NA,FALSE
"Martin-Union City, TN CSA",10000,TRUE
"Montgomery:IL",10000,FALSE
"Montgomery:KS",10000,FALSE
"Montgomery:NC",10000,FALSE
"Ohio:WV",10000,FALSE
"Payne:OK",10000,FALSE
"Quitman:MS",10000,FALSE
"Randolph:IL",10000,FALSE
"Sainte Genevieve:MO",10000,FALSE
"Sawyer:WI",10000,FALSE
"Stoddard:MO",10000,FALSE
"Stone:MO",10000,FALSE
"Taylor:TX",10000,FALSE
"Titus:TX",10000,FALSE
"Tom Green:TX",10000,FALSE
"Tyler-Jacksonville, TX CSA",10000,TRUE
"Vermilion:IL",10000,FALSE
"Wabash:IN",10000,FALSE
"Ware:GA",10000,FALSE
"Washburn:WI",9886.14255796277,FALSE
"Washington:UT",8397.11926461859,FALSE
"Westmoreland:VA",10000,FALSE
"Williams:OH",10000,FALSE
"Wyandot:OH",8826.9410855323,FALSE
"Yancey:NC",10000,FALSE
"Norman:MN",10000,FALSE
"Rice:KS",10000,FALSE
"Rich:UT",10000,FALSE
"Richland:MT",10000,FALSE
"Richmond:NC",10000,FALSE
"Hickman:KY",10000,FALSE
"Rio Grande:CO",10000,FALSE
"Albemarle:VA",10000,FALSE
"Jefferson:MS",10000,FALSE
"Baxter:AR",10000,FALSE
"Roberts:SD",10000,FALSE
"Buena Vista City:VA",10000,FALSE
"Rooks:KS",10000,FALSE
"Roseau:MN",10000,FALSE
"Rosebud:MT",10000,FALSE
"Knott:KY",NA,FALSE
"Magoffin:KY",10000,FALSE
"Pike:OH",10000,FALSE
"Hardin:IA",10000,FALSE
"Rush:KS",10000,FALSE
"Russell:KS",10000,FALSE
"Rutherford:NC",10000,FALSE
"Saguache:CO",10000,FALSE
"San Juan:UT",10000,FALSE
"Sanders:MT",10000,FALSE
"Effingham:IL",7148.35518924727,FALSE
"Sanpete:UT",10000,FALSE
"Amherst:VA",6538.38325319421,FALSE
"Polk:TX",10000,FALSE
"Sedgwick:CO",10000,FALSE
"Seminole:GA",10000,FALSE
"Mitchell:GA",10000,FALSE
"Worth:GA",10000,FALSE
"Pawnee:NE",10000,FALSE
"Sevier:UT",10000,FALSE
"Seward:KS",10000,FALSE
"Sharkey:MS",10000,FALSE
"Shelby:IA",10000,FALSE
"Shenandoah:VA",10000,FALSE
"Sheridan:KS",10000,FALSE
"Sherman:KS",10000,FALSE
"Sherman:OR",10000,FALSE
"Colbert:AL",10000,FALSE
"Sierra:CA",10000,FALSE
"Silver Bow:MT",10000,FALSE
"Conejos:CO",10000,FALSE
"Lewis:ID",10000,FALSE
"Woodbury:IA",4155.61774027585,FALSE
"Smith:KS",10000,FALSE
"Smyth:VA",10000,FALSE
"Dawes:NE",10000,FALSE
"Scott:MO",10000,FALSE
"Appanoose:IA",10000,FALSE
"Poweshiek:IA",10000,FALSE
"Keokuk:IA",9404.2897824615,FALSE
"Coffee:TN",10000,FALSE
"Polk:AR",10000,FALSE
"Gooding:ID",10000,FALSE
"Jerome:ID",10000,FALSE
"Lincoln:ID",10000,FALSE
"Minidoka:ID",10000,FALSE
"Carter:OK",10000,FALSE
"Berrien:GA",10000,FALSE
"Wilcox:GA",10000,FALSE
"Tioga:NY",7733.80827971394,FALSE
"Palm Beach:FL",NA,FALSE
"Mecklenburg:VA",10000,FALSE
"Russell:VA",10000,FALSE
"Stanton:KS",10000,FALSE
"Sterling:TX",10000,FALSE
"Stevens:KS",10000,FALSE
"Stevens:MN",10000,FALSE
"Stillwater:MT",10000,FALSE
"Stone:AR",NA,FALSE
"Sublette:WY",10000,FALSE
"Sullivan:IN",10000,FALSE
"Sullivan:NY",9743.96322906015,FALSE
"Summit:CO",10000,FALSE
"Clare:MI",9345.56379125653,FALSE
"Surry:VA",10000,FALSE
"Susquehanna:PA",10000,FALSE
"Suwannee:FL",10000,FALSE
"Swain:NC",10000,FALSE
"Lafourche:LA",10000,FALSE
"Swift:MN",10000,FALSE
"Crawford:MO",10000,FALSE
"Tama:IA",10000,FALSE
"Taney:MO",10000,FALSE
"Tazewell:VA",10000,FALSE
"Choctaw:AL",10000,FALSE
"Telfair:GA",10000,FALSE
"Washakie:WY",7937.13361730651,FALSE
"Terrebonne:LA",10000,FALSE
"Teton:ID",10000,FALSE
"Thomas:KS",10000,FALSE
"Tishomingo:MS",10000,FALSE
"Todd:MN",10000,FALSE
"Toombs:GA",10000,FALSE
"Chippewa:MN",10000,FALSE
"Windsor:VT",1918.7145557656,FALSE
"Wyoming:NY",5098.83706471231,FALSE
"Jackson:WI",10000,FALSE
"Essex:VT",5000,FALSE
"Franklin:ME",6934.48419110932,FALSE
"Liberty:MT",10000,FALSE
"Dukes:MA",4273.63607995532,FALSE
"Union:NM",5688.33293697978,FALSE
"Buffalo:WI",10000,FALSE
"Carroll:NH",1928.71711672103,FALSE
"Windham:VT",2189.24624706146,FALSE
"Carter:MT",10000,FALSE
"Fulton:NY",NA,FALSE
"Crawford:MI",8905.30089583731,FALSE
"San Juan:CO",10000,FALSE
"Worcester:MA",10000,FALSE
"Towns:GA",10000,FALSE
"Logan:KY",10000,FALSE
"Williamson:TX",6329.09118162366,FALSE
"Trego:KS",10000,FALSE
"Brule:SD",10000,FALSE
"McDonough:IL",10000,FALSE
"Trinity:CA",10000,FALSE
"Tucker:WV",10000,FALSE
"Las Animas:CO",10000,FALSE
"Routt:CO",10000,FALSE
"Randolph:WV",10000,FALSE
"Tyler:TX",10000,FALSE
"Uintah:UT",10000,FALSE
"Macon:TN",10000,FALSE
"Wood:TX",10000,FALSE
"Howard:AR",10000,FALSE
"Upton:TX",10000,FALSE
"Cherry:NE",10000,FALSE
"Valley:ID",10000,FALSE
"Valley:MT",10000,FALSE
"Pembina:ND",10000,FALSE
"Van Buren:AR",10000,FALSE
"Van Buren:IA",10000,FALSE
"Vernon:WI",10000,FALSE
"Nome:AK",10000,FALSE
"Antrim:MI",10000,FALSE
"Harding:NM",10000,FALSE
"Stanton:NE",10000,FALSE
"Clark:NV",10000,FALSE
"Wadena:MN",10000,FALSE
"Wahkiakum:WA",NA,FALSE
"Idaho:ID",10000,FALSE
"Clay:IN",10000,FALSE
"Wallowa:OR",10000,FALSE
"Walton:FL",10000,FALSE
"Walworth:SD",10000,FALSE
"Warrick:IN",10000,FALSE
"Waseca:MN",10000,FALSE
"Washington:CO",10000,FALSE
"Washington:ID",10000,FALSE
"Mason:MI",NA,FALSE
"Watauga:NC",10000,FALSE
"Polk:WI",NA,FALSE
"Wayne:MS",10000,FALSE
"Wayne:NC",10000,FALSE
"Wayne:PA",10000,FALSE
"Wayne:TN",10000,FALSE
"Wayne:UT",10000,FALSE
"Decatur:IA",10000,FALSE
"Adair:KY",10000,FALSE
"Allen:LA",10000,FALSE
"Atchison:MO",10000,FALSE
"Blanco:TX",10000,FALSE
"Breathitt:KY",10000,FALSE
"Butler:NE",10000,FALSE
"Butte:SD",10000,FALSE
"Carroll:MS",10000,FALSE
"Colfax:NE",10000,FALSE
"Curry:OR",10000,FALSE
"DeRidder-Fort Polk South, LA CSA",NA,TRUE
"Dona Ana:NM",10000,FALSE
"Finney:KS",10000,FALSE
"Floyd:KY",10000,FALSE
"Fulton:IL",10000,FALSE
"Galax City:VA",NA,FALSE
"Grand:CO",10000,FALSE
"Grays Harbor:WA",10000,FALSE
"Harlan:KY",10000,FALSE
"Hood River:OR",10000,FALSE
"Independence:AR",10000,FALSE
"La Salle:LA",10000,FALSE
"Laurel:KY",10000,FALSE
"Major:OK",10000,FALSE
"McCreary:KY",10000,FALSE
"Monroe:TN",10000,FALSE
"Montague:TX",10000,FALSE
"Morgan:MO",NA,FALSE
"Natchitoches:LA",10000,FALSE
"Nobles:MN",10000,FALSE
"Otoe:NE",10000,FALSE
"Ravalli:MT",10000,FALSE
"Rusk:TX",10000,FALSE
"Sabine:LA",10000,FALSE
"Scott:TN",10000,FALSE
"Sharp:AR",10000,FALSE
"Somervell:TX",10000,FALSE
"Taylor:KY",10000,FALSE
"Tensas:LA",10000,FALSE
"Tippah:MS",10000,FALSE
"Valley:NE",10000,FALSE
"Washington:MO",10000,FALSE
"Wilbarger:TX",10000,FALSE
"Yakima:WA",10000,FALSE
"Ogemaw:MI",10000,FALSE
"West Carroll:LA",10000,FALSE
"Wexford:MI",10000,FALSE
"Wheeler:OR",10000,FALSE
"Wibaux:MT",10000,FALSE
"Wichita:KS",10000,FALSE
"Wilkes:GA",10000,FALSE
"Wilkes:NC",10000,FALSE
"Williamsburg:SC",10000,FALSE
"Winneshiek:IA",10000,FALSE
"Norton City:VA",10000,FALSE
"Wise:VA",10000,FALSE
"Adams:MS",10000,FALSE
"Amelia:VA",10000,FALSE
"Attala:MS",10000,FALSE
"Banks:GA",10000,FALSE
"Barry:MI",10000,FALSE
"Beltrami:MN",10000,FALSE
"Benton:TN",10000,FALSE
"Berks:PA",10000,FALSE
"Buchanan:IA",10000,FALSE
"Camp:TX",10000,FALSE
"Cass:IN",10000,FALSE
"Charles City:VA",10000,FALSE
"Charlton:GA",10000,FALSE
"Chickasaw:MS",10000,FALSE
"Chippewa:MI",10000,FALSE
"Columbus:NC",10000,FALSE
"Crawford:AR",NA,FALSE
"Crawford:WI",10000,FALSE
"Danville City:VA",10000,FALSE
"Davis:IA",10000,FALSE
"Dickinson:IA",10000,FALSE
"Douglas:MN",10000,FALSE
"Douglas:WA",10000,FALSE
"Florence:SC",10000,FALSE
"Fond du Lac:WI",NA,FALSE
"Freeborn:MN",10000,FALSE
"Grenada:MS",10000,FALSE
"Harrison:WV",10000,FALSE
"Iosco:MI",10000,FALSE
"Iron:MI",10000,FALSE
"Jackson:FL",10000,FALSE
"Jay:IN",10000,FALSE
"Juneau:AK",10000,FALSE
"King George:VA",10000,FALSE
"Langlade:WI",10000,FALSE
"Lauderdale:MS",10000,FALSE
"Leelanau:MI",10000,FALSE
"Livingston:LA",10000,FALSE
"Luce:MI",10000,FALSE
"Manitowoc:WI",10000,FALSE
"Mcdonough:IL",10000,FALSE
"Mcintosh:ND",10000,FALSE
"Mclean:ND",10000,FALSE
"Navajo:AZ",10000,FALSE
"Okeechobee:FL",10000,FALSE
"Ontonagon:MI",10000,FALSE
"Ouray:CO",10000,FALSE
"Pike:MS",10000,FALSE
"Pointe Coupee:LA",10000,FALSE
"Pope:AR",10000,FALSE
"Rusk:WI",10000,FALSE
"San Miguel:CO",10000,FALSE
"Sanilac:MI",10000,FALSE
"Scott:MS",10000,FALSE
"Sumter:SC",10000,FALSE
"Sussex:VA",10000,FALSE
"Teller:CO",10000,FALSE
"Watonwan:MN",10000,FALSE
"White:IN",10000,FALSE
"Winnebago:IA",10000,FALSE
"Yell:AR",10000,FALSE
"Wolfe:KY",10000,FALSE
"Woodruff:AR",10000,FALSE
"Woodson:KS",NA,FALSE
"Gulf:FL",10000,FALSE
"Kemper:MS",10000,FALSE
"Wakulla:FL",10000,FALSE
"Wright:IA",10000,FALSE
"Wyoming:WV",10000,FALSE
"Wyoming:PA",10000,FALSE
"Yalobusha:MS",10000,FALSE
"Yoakum:TX",10000,FALSE
"Yuma:CO",10000,FALSE
"Zapata:TX",10000,FALSE
